{
  "version": "7",
  "dialect": "postgresql",
  "entries": [
    {
      "idx": 0,
      "version": "7",
      "when": 1760863273671,
      "tag": "0000_striped_medusa",
      "breakpoints": true
    },
    {
      "idx": 1,
      "version": "7",
      "when": 1761401804963,
      "tag": "0001_rainy_nightmare",
      "breakpoints": true
    },
    {
      "idx": 2,
      "version": "7",
      "when": 1761411627409,
      "tag": "0002_modern_rage",
      "breakpoints": true
    },
    {
      "idx": 3,
      "version": "7",
      "when": 1761415330411,
      "tag": "0003_perfect_dreadnoughts",
      "breakpoints": true
    },
    {
      "idx": 4,
      "version": "7",
      "when": 1761418970199,
      "tag": "0004_panoramic_moon_knight",
      "breakpoints": true
    },
    {
      "idx": 5,
      "version": "7",
      "when": 1761419783663,
      "tag": "0005_wild_living_tribunal",
      "breakpoints": true
    },
    {
      "idx": 6,
      "version": "7",
      "when": 1761627350096,
      "tag": "0006_famous_the_professor",
      "breakpoints": true
    },
    {
      "idx": 7,
      "version": "7",
      "when": 1761639590031,
      "tag": "0007_thin_calypso",
      "breakpoints": true
    },
    {
      "idx": 8,
      "version": "7",
      "when": 1761719962348,
      "tag": "0008_foamy_thundra",
      "breakpoints": true
    },
    {
      "idx": 9,
      "version": "7",
      "when": 1761738375744,
      "tag": "0009_ordinary_shooting_star",
      "breakpoints": true
    },
    {
      "idx": 10,
      "version": "7",
      "when": 1761744985228,
      "tag": "0010_stormy_red_ghost",
      "breakpoints": true
    },
    {
      "idx": 11,
      "version": "7",
      "when": 1762179166829,
      "tag": "0011_magenta_war_machine",
      "breakpoints": true
    },
    {
      "idx": 12,
      "version": "7",
      "when": 1763189569482,
      "tag": "0012_harsh_galactus",
      "breakpoints": true
    },
    {
      "idx": 13,
      "version": "7",
      "when": 1763192583181,
      "tag": "0013_faulty_iron_monger",
      "breakpoints": true
    },
    {
      "idx": 14,
      "version": "7",
      "when": 1763223026091,
      "tag": "0014_fixed_sue_storm",
      "breakpoints": true
    },
    {
      "idx": 15,
      "version": "7",
      "when": 1763277060681,
      "tag": "0015_long_shockwave",
      "breakpoints": true
    },
    {
      "idx": 16,
      "version": "7",
      "when": 1763279539620,
      "tag": "0016_grey_mach_iv",
      "breakpoints": true
    },
    {
      "idx": 17,
      "version": "7",
      "when": 1763457004595,
      "tag": "0017_windy_masked_marvel",
      "breakpoints": true
    },
    {
      "idx": 18,
      "version": "7",
      "when": 1763559782065,
      "tag": "0018_broken_vertigo",
      "breakpoints": true
    },
    {
      "idx": 19,
      "version": "7",
      "when": 1763727075021,
      "tag": "0019_quiet_legion",
      "breakpoints": true
    }
  ]
}