{
  "site": {
    "name": "气质猫咪",
    "description": "一个专注于ts全栈开发的个人博客",
    "copyright": "Copyright © 2025 at 气质猫咪",
    "icp": "",
    "beian": ""
  },
  "links": [
    {
      "title": "导航",
      "items": [
        { "text": "首页", "href": "/" },
        { "text": "博客", "href": "/blog" },
        { "text": "项目", "href": "/projects" },
        { "text": "关于", "href": "/about" }
      ]
    },
    {
      "title": "资源",
      "items": [
        { "text": "代码", "href": "/resources/code" },
        { "text": "图库", "href": "/resources/image" },
        { "text": "音乐", "href": "/resources/music" }
      ]
    },
    {
      "title": "技术栈",
      "items": [
        { "text": "Next.js 15", "href": "https://nextjs.org" },
        { "text": "React 19", "href": "https://react.dev" },
        { "text": "TypeScript", "href": "https://www.typescriptlang.org" },
        { "text": "tRPC", "href": "https://trpc.io" }
      ]
    }
  ]
}
